node_title,tensor_shape,shape size,Tensor size,Tensor storage size,input_dim,node_addr,CXL_RD,CXL_WR,Input layer size details
input_1,1x11,88,216,0,,input.idx,0,88,
embedding_1_1,1x11x384,16896,17040,16960,params: 65x384,token_embedding_table,88,16896, input_1(88)
arange_1_2,x11,88,200,152,,,0,88,
embedding_2_3,11x384,16896,17024,16960,params: 256x384,position_embedding_table,88,16896, arange_1_2(88)
add_1_4,1x11x384,16896,17040,16960,,,33792,16896, embedding_1_1(16896) embedding_2_3(16896)
layernorm_1_5,1x11x384,16896,17040,16960,"params: x384, x384",blocks.0.ln1,16896,16896, add_1_4(16896)
linear_1_6,1x11x48,2112,2256,2176,params: 48x384,blocks.0.sa.heads.0.key,16896,2112, layernorm_1_5(16896)
linear_2_7,1x11x48,2112,2256,2176,params: 48x384,blocks.0.sa.heads.0.query,16896,2112, layernorm_1_5(16896)
transpose_1_8,1x48x11,2112,2256,2176,,,2112,2112, linear_1_6(2112)
matmul_1_9,1x11x11,484,628,548,,,4224,484, linear_2_7(2112) transpose_1_8(2112)
mul_1_10,1x11x11,484,628,548,,,484,484, matmul_1_9(484)
getitem_1_11,11x11,484,612,262208,,,262144,484, buffer_1(262144)
eq_1_12,11x11,121,249,185,,,484,121, getitem_1_11(484)
maskedfill_1_13,1x11x11,484,628,548,,,605,484, mul_1_10(484) eq_1_12(121)
softmax_1_14,1x11x11,484,628,548,,,484,484, maskedfill_1_13(484)
dropout_1_15,1x11x11,484,628,548,,blocks.0.sa.heads.0.dropout,484,484, softmax_1_14(484)
linear_3_16,1x11x48,2112,2256,2176,params: 48x384,blocks.0.sa.heads.0.value,16896,2112, layernorm_1_5(16896)
matmul_2_17,1x11x48,2112,2256,2176,,blocks.0.sa.heads.0,2596,2112, dropout_1_15(484) linear_3_16(2112)
linear_4_18,1x11x48,2112,2256,2176,params: 48x384,blocks.0.sa.heads.1.key,16896,2112, layernorm_1_5(16896)
linear_5_19,1x11x48,2112,2256,2176,params: 48x384,blocks.0.sa.heads.1.query,16896,2112, layernorm_1_5(16896)
transpose_2_20,1x48x11,2112,2256,2176,,,2112,2112, linear_4_18(2112)
matmul_3_21,1x11x11,484,628,548,,,4224,484, linear_5_19(2112) transpose_2_20(2112)
mul_2_22,1x11x11,484,628,548,,,484,484, matmul_3_21(484)
getitem_2_23,11x11,484,612,262208,,,262144,484, buffer_2(262144)
eq_2_24,11x11,121,249,185,,,484,121, getitem_2_23(484)
maskedfill_2_25,1x11x11,484,628,548,,,605,484, mul_2_22(484) eq_2_24(121)
softmax_2_26,1x11x11,484,628,548,,,484,484, maskedfill_2_25(484)
dropout_2_27,1x11x11,484,628,548,,blocks.0.sa.heads.1.dropout,484,484, softmax_2_26(484)
linear_6_28,1x11x48,2112,2256,2176,params: 48x384,blocks.0.sa.heads.1.value,16896,2112, layernorm_1_5(16896)
matmul_4_29,1x11x48,2112,2256,2176,,blocks.0.sa.heads.1,2596,2112, dropout_2_27(484) linear_6_28(2112)
linear_7_30,1x11x48,2112,2256,2176,params: 48x384,blocks.0.sa.heads.2.key,16896,2112, layernorm_1_5(16896)
linear_8_31,1x11x48,2112,2256,2176,params: 48x384,blocks.0.sa.heads.2.query,16896,2112, layernorm_1_5(16896)
transpose_3_32,1x48x11,2112,2256,2176,,,2112,2112, linear_7_30(2112)
matmul_5_33,1x11x11,484,628,548,,,4224,484, linear_8_31(2112) transpose_3_32(2112)
mul_3_34,1x11x11,484,628,548,,,484,484, matmul_5_33(484)
getitem_3_35,11x11,484,612,262208,,,262144,484, buffer_3(262144)
eq_3_36,11x11,121,249,185,,,484,121, getitem_3_35(484)
maskedfill_3_37,1x11x11,484,628,548,,,605,484, mul_3_34(484) eq_3_36(121)
softmax_3_38,1x11x11,484,628,548,,,484,484, maskedfill_3_37(484)
dropout_3_39,1x11x11,484,628,548,,blocks.0.sa.heads.2.dropout,484,484, softmax_3_38(484)
linear_9_40,1x11x48,2112,2256,2176,params: 48x384,blocks.0.sa.heads.2.value,16896,2112, layernorm_1_5(16896)
matmul_6_41,1x11x48,2112,2256,2176,,blocks.0.sa.heads.2,2596,2112, dropout_3_39(484) linear_9_40(2112)
linear_10_42,1x11x48,2112,2256,2176,params: 48x384,blocks.0.sa.heads.3.key,16896,2112, layernorm_1_5(16896)
linear_11_43,1x11x48,2112,2256,2176,params: 48x384,blocks.0.sa.heads.3.query,16896,2112, layernorm_1_5(16896)
transpose_4_44,1x48x11,2112,2256,2176,,,2112,2112, linear_10_42(2112)
matmul_7_45,1x11x11,484,628,548,,,4224,484, linear_11_43(2112) transpose_4_44(2112)
mul_4_46,1x11x11,484,628,548,,,484,484, matmul_7_45(484)
getitem_4_47,11x11,484,612,262208,,,262144,484, buffer_4(262144)
eq_4_48,11x11,121,249,185,,,484,121, getitem_4_47(484)
maskedfill_4_49,1x11x11,484,628,548,,,605,484, mul_4_46(484) eq_4_48(121)
softmax_4_50,1x11x11,484,628,548,,,484,484, maskedfill_4_49(484)
dropout_4_51,1x11x11,484,628,548,,blocks.0.sa.heads.3.dropout,484,484, softmax_4_50(484)
linear_12_52,1x11x48,2112,2256,2176,params: 48x384,blocks.0.sa.heads.3.value,16896,2112, layernorm_1_5(16896)
matmul_8_53,1x11x48,2112,2256,2176,,blocks.0.sa.heads.3,2596,2112, dropout_4_51(484) linear_12_52(2112)
linear_13_54,1x11x48,2112,2256,2176,params: 48x384,blocks.0.sa.heads.4.key,16896,2112, layernorm_1_5(16896)
linear_14_55,1x11x48,2112,2256,2176,params: 48x384,blocks.0.sa.heads.4.query,16896,2112, layernorm_1_5(16896)
transpose_5_56,1x48x11,2112,2256,2176,,,2112,2112, linear_13_54(2112)
matmul_9_57,1x11x11,484,628,548,,,4224,484, linear_14_55(2112) transpose_5_56(2112)
mul_5_58,1x11x11,484,628,548,,,484,484, matmul_9_57(484)
getitem_5_59,11x11,484,612,262208,,,262144,484, buffer_5(262144)
eq_5_60,11x11,121,249,185,,,484,121, getitem_5_59(484)
maskedfill_5_61,1x11x11,484,628,548,,,605,484, mul_5_58(484) eq_5_60(121)
softmax_5_62,1x11x11,484,628,548,,,484,484, maskedfill_5_61(484)
dropout_5_63,1x11x11,484,628,548,,blocks.0.sa.heads.4.dropout,484,484, softmax_5_62(484)
linear_15_64,1x11x48,2112,2256,2176,params: 48x384,blocks.0.sa.heads.4.value,16896,2112, layernorm_1_5(16896)
matmul_10_65,1x11x48,2112,2256,2176,,blocks.0.sa.heads.4,2596,2112, dropout_5_63(484) linear_15_64(2112)
linear_16_66,1x11x48,2112,2256,2176,params: 48x384,blocks.0.sa.heads.5.key,16896,2112, layernorm_1_5(16896)
linear_17_67,1x11x48,2112,2256,2176,params: 48x384,blocks.0.sa.heads.5.query,16896,2112, layernorm_1_5(16896)
transpose_6_68,1x48x11,2112,2256,2176,,,2112,2112, linear_16_66(2112)
matmul_11_69,1x11x11,484,628,548,,,4224,484, linear_17_67(2112) transpose_6_68(2112)
mul_6_70,1x11x11,484,628,548,,,484,484, matmul_11_69(484)
getitem_6_71,11x11,484,612,262208,,,262144,484, buffer_6(262144)
eq_6_72,11x11,121,249,185,,,484,121, getitem_6_71(484)
maskedfill_6_73,1x11x11,484,628,548,,,605,484, mul_6_70(484) eq_6_72(121)
softmax_6_74,1x11x11,484,628,548,,,484,484, maskedfill_6_73(484)
dropout_6_75,1x11x11,484,628,548,,blocks.0.sa.heads.5.dropout,484,484, softmax_6_74(484)
linear_18_76,1x11x48,2112,2256,2176,params: 48x384,blocks.0.sa.heads.5.value,16896,2112, layernorm_1_5(16896)
matmul_12_77,1x11x48,2112,2256,2176,,blocks.0.sa.heads.5,2596,2112, dropout_6_75(484) linear_18_76(2112)
linear_19_78,1x11x48,2112,2256,2176,params: 48x384,blocks.0.sa.heads.6.key,16896,2112, layernorm_1_5(16896)
linear_20_79,1x11x48,2112,2256,2176,params: 48x384,blocks.0.sa.heads.6.query,16896,2112, layernorm_1_5(16896)
transpose_7_80,1x48x11,2112,2256,2176,,,2112,2112, linear_19_78(2112)
matmul_13_81,1x11x11,484,628,548,,,4224,484, linear_20_79(2112) transpose_7_80(2112)
mul_7_82,1x11x11,484,628,548,,,484,484, matmul_13_81(484)
getitem_7_83,11x11,484,612,262208,,,262144,484, buffer_7(262144)
eq_7_84,11x11,121,249,185,,,484,121, getitem_7_83(484)
maskedfill_7_85,1x11x11,484,628,548,,,605,484, mul_7_82(484) eq_7_84(121)
softmax_7_86,1x11x11,484,628,548,,,484,484, maskedfill_7_85(484)
dropout_7_87,1x11x11,484,628,548,,blocks.0.sa.heads.6.dropout,484,484, softmax_7_86(484)
linear_21_88,1x11x48,2112,2256,2176,params: 48x384,blocks.0.sa.heads.6.value,16896,2112, layernorm_1_5(16896)
matmul_14_89,1x11x48,2112,2256,2176,,blocks.0.sa.heads.6,2596,2112, dropout_7_87(484) linear_21_88(2112)
linear_22_90,1x11x48,2112,2256,2176,params: 48x384,blocks.0.sa.heads.7.key,16896,2112, layernorm_1_5(16896)
linear_23_91,1x11x48,2112,2256,2176,params: 48x384,blocks.0.sa.heads.7.query,16896,2112, layernorm_1_5(16896)
transpose_8_92,1x48x11,2112,2256,2176,,,2112,2112, linear_22_90(2112)
matmul_15_93,1x11x11,484,628,548,,,4224,484, linear_23_91(2112) transpose_8_92(2112)
mul_8_94,1x11x11,484,628,548,,,484,484, matmul_15_93(484)
getitem_8_95,11x11,484,612,262208,,,262144,484, buffer_8(262144)
eq_8_96,11x11,121,249,185,,,484,121, getitem_8_95(484)
maskedfill_8_97,1x11x11,484,628,548,,,605,484, mul_8_94(484) eq_8_96(121)
softmax_8_98,1x11x11,484,628,548,,,484,484, maskedfill_8_97(484)
dropout_8_99,1x11x11,484,628,548,,blocks.0.sa.heads.7.dropout,484,484, softmax_8_98(484)
linear_24_100,1x11x48,2112,2256,2176,params: 48x384,blocks.0.sa.heads.7.value,16896,2112, layernorm_1_5(16896)
matmul_16_101,1x11x48,2112,2256,2176,,blocks.0.sa.heads.7,2596,2112, dropout_8_99(484) linear_24_100(2112)
cat_1_102,1x11x384,16896,17040,16960,,,16896,16896, matmul_2_17(2112) matmul_4_29(2112) matmul_6_41(2112) matmul_8_53(2112) matmul_10_65(2112) matmul_12_77(2112) matmul_14_89(2112) matmul_16_101(2112)
linear_25_103,1x11x384,16896,17040,16960,"params: 384x384, x384",blocks.0.sa.proj,16896,16896, cat_1_102(16896)
dropout_9_104,1x11x384,16896,17040,16960,,blocks.0.sa.dropout,16896,16896, linear_25_103(16896)
add_2_105,1x11x384,16896,17040,16960,,,33792,16896, add_1_4(16896) dropout_9_104(16896)
layernorm_2_106,1x11x384,16896,17040,16960,"params: x384, x384",blocks.0.ln2,16896,16896, add_2_105:1(16896)
linear_26_107,1x11x1536,67584,67728,67648,"params: 1536x384, x1536",blocks.0.ffwd.net.0,16896,67584, layernorm_2_106(16896)
relu_1_108,1x11x1536,67584,67728,67648,,blocks.0.ffwd.net.1,67584,67584, linear_26_107(67584)
linear_27_109,1x11x384,16896,17040,16960,"params: 384x1536, x384",blocks.0.ffwd.net.2,67584,16896, relu_1_108(67584)
dropout_10_110,1x11x384,16896,17040,16960,,blocks.0.ffwd.net.3,16896,16896, linear_27_109(16896)
add_2_105,1x11x384,16896,17040,16960,,,33792,16896, add_2_105:1(16896) dropout_10_110(16896)
layernorm_3_111,1x11x384,16896,17040,16960,"params: x384, x384",blocks.1.ln1,16896,16896, add_2_105:2(16896)
linear_28_112,1x11x48,2112,2256,2176,params: 48x384,blocks.1.sa.heads.0.key,16896,2112, layernorm_3_111(16896)
linear_29_113,1x11x48,2112,2256,2176,params: 48x384,blocks.1.sa.heads.0.query,16896,2112, layernorm_3_111(16896)
transpose_9_114,1x48x11,2112,2256,2176,,,2112,2112, linear_28_112(2112)
matmul_17_115,1x11x11,484,628,548,,,4224,484, linear_29_113(2112) transpose_9_114(2112)
mul_9_116,1x11x11,484,628,548,,,484,484, matmul_17_115(484)
getitem_9_117,11x11,484,612,262208,,,262144,484, buffer_9(262144)
eq_9_118,11x11,121,249,185,,,484,121, getitem_9_117(484)
maskedfill_9_119,1x11x11,484,628,548,,,605,484, mul_9_116(484) eq_9_118(121)
softmax_9_120,1x11x11,484,628,548,,,484,484, maskedfill_9_119(484)
dropout_11_121,1x11x11,484,628,548,,blocks.1.sa.heads.0.dropout,484,484, softmax_9_120(484)
linear_30_122,1x11x48,2112,2256,2176,params: 48x384,blocks.1.sa.heads.0.value,16896,2112, layernorm_3_111(16896)
matmul_18_123,1x11x48,2112,2256,2176,,blocks.1.sa.heads.0,2596,2112, dropout_11_121(484) linear_30_122(2112)
linear_31_124,1x11x48,2112,2256,2176,params: 48x384,blocks.1.sa.heads.1.key,16896,2112, layernorm_3_111(16896)
linear_32_125,1x11x48,2112,2256,2176,params: 48x384,blocks.1.sa.heads.1.query,16896,2112, layernorm_3_111(16896)
transpose_10_126,1x48x11,2112,2256,2176,,,2112,2112, linear_31_124(2112)
matmul_19_127,1x11x11,484,628,548,,,4224,484, linear_32_125(2112) transpose_10_126(2112)
mul_10_128,1x11x11,484,628,548,,,484,484, matmul_19_127(484)
getitem_10_129,11x11,484,612,262208,,,262144,484, buffer_10(262144)
eq_10_130,11x11,121,249,185,,,484,121, getitem_10_129(484)
maskedfill_10_131,1x11x11,484,628,548,,,605,484, mul_10_128(484) eq_10_130(121)
softmax_10_132,1x11x11,484,628,548,,,484,484, maskedfill_10_131(484)
dropout_12_133,1x11x11,484,628,548,,blocks.1.sa.heads.1.dropout,484,484, softmax_10_132(484)
linear_33_134,1x11x48,2112,2256,2176,params: 48x384,blocks.1.sa.heads.1.value,16896,2112, layernorm_3_111(16896)
matmul_20_135,1x11x48,2112,2256,2176,,blocks.1.sa.heads.1,2596,2112, dropout_12_133(484) linear_33_134(2112)
linear_34_136,1x11x48,2112,2256,2176,params: 48x384,blocks.1.sa.heads.2.key,16896,2112, layernorm_3_111(16896)
linear_35_137,1x11x48,2112,2256,2176,params: 48x384,blocks.1.sa.heads.2.query,16896,2112, layernorm_3_111(16896)
transpose_11_138,1x48x11,2112,2256,2176,,,2112,2112, linear_34_136(2112)
matmul_21_139,1x11x11,484,628,548,,,4224,484, linear_35_137(2112) transpose_11_138(2112)
mul_11_140,1x11x11,484,628,548,,,484,484, matmul_21_139(484)
getitem_11_141,11x11,484,612,262208,,,262144,484, buffer_11(262144)
eq_11_142,11x11,121,249,185,,,484,121, getitem_11_141(484)
maskedfill_11_143,1x11x11,484,628,548,,,605,484, mul_11_140(484) eq_11_142(121)
softmax_11_144,1x11x11,484,628,548,,,484,484, maskedfill_11_143(484)
dropout_13_145,1x11x11,484,628,548,,blocks.1.sa.heads.2.dropout,484,484, softmax_11_144(484)
linear_36_146,1x11x48,2112,2256,2176,params: 48x384,blocks.1.sa.heads.2.value,16896,2112, layernorm_3_111(16896)
matmul_22_147,1x11x48,2112,2256,2176,,blocks.1.sa.heads.2,2596,2112, dropout_13_145(484) linear_36_146(2112)
linear_37_148,1x11x48,2112,2256,2176,params: 48x384,blocks.1.sa.heads.3.key,16896,2112, layernorm_3_111(16896)
linear_38_149,1x11x48,2112,2256,2176,params: 48x384,blocks.1.sa.heads.3.query,16896,2112, layernorm_3_111(16896)
transpose_12_150,1x48x11,2112,2256,2176,,,2112,2112, linear_37_148(2112)
matmul_23_151,1x11x11,484,628,548,,,4224,484, linear_38_149(2112) transpose_12_150(2112)
mul_12_152,1x11x11,484,628,548,,,484,484, matmul_23_151(484)
getitem_12_153,11x11,484,612,262208,,,262144,484, buffer_12(262144)
eq_12_154,11x11,121,249,185,,,484,121, getitem_12_153(484)
maskedfill_12_155,1x11x11,484,628,548,,,605,484, mul_12_152(484) eq_12_154(121)
softmax_12_156,1x11x11,484,628,548,,,484,484, maskedfill_12_155(484)
dropout_14_157,1x11x11,484,628,548,,blocks.1.sa.heads.3.dropout,484,484, softmax_12_156(484)
linear_39_158,1x11x48,2112,2256,2176,params: 48x384,blocks.1.sa.heads.3.value,16896,2112, layernorm_3_111(16896)
matmul_24_159,1x11x48,2112,2256,2176,,blocks.1.sa.heads.3,2596,2112, dropout_14_157(484) linear_39_158(2112)
linear_40_160,1x11x48,2112,2256,2176,params: 48x384,blocks.1.sa.heads.4.key,16896,2112, layernorm_3_111(16896)
linear_41_161,1x11x48,2112,2256,2176,params: 48x384,blocks.1.sa.heads.4.query,16896,2112, layernorm_3_111(16896)
transpose_13_162,1x48x11,2112,2256,2176,,,2112,2112, linear_40_160(2112)
matmul_25_163,1x11x11,484,628,548,,,4224,484, linear_41_161(2112) transpose_13_162(2112)
mul_13_164,1x11x11,484,628,548,,,484,484, matmul_25_163(484)
getitem_13_165,11x11,484,612,262208,,,262144,484, buffer_13(262144)
eq_13_166,11x11,121,249,185,,,484,121, getitem_13_165(484)
maskedfill_13_167,1x11x11,484,628,548,,,605,484, mul_13_164(484) eq_13_166(121)
softmax_13_168,1x11x11,484,628,548,,,484,484, maskedfill_13_167(484)
dropout_15_169,1x11x11,484,628,548,,blocks.1.sa.heads.4.dropout,484,484, softmax_13_168(484)
linear_42_170,1x11x48,2112,2256,2176,params: 48x384,blocks.1.sa.heads.4.value,16896,2112, layernorm_3_111(16896)
matmul_26_171,1x11x48,2112,2256,2176,,blocks.1.sa.heads.4,2596,2112, dropout_15_169(484) linear_42_170(2112)
linear_43_172,1x11x48,2112,2256,2176,params: 48x384,blocks.1.sa.heads.5.key,16896,2112, layernorm_3_111(16896)
linear_44_173,1x11x48,2112,2256,2176,params: 48x384,blocks.1.sa.heads.5.query,16896,2112, layernorm_3_111(16896)
transpose_14_174,1x48x11,2112,2256,2176,,,2112,2112, linear_43_172(2112)
matmul_27_175,1x11x11,484,628,548,,,4224,484, linear_44_173(2112) transpose_14_174(2112)
mul_14_176,1x11x11,484,628,548,,,484,484, matmul_27_175(484)
getitem_14_177,11x11,484,612,262208,,,262144,484, buffer_14(262144)
eq_14_178,11x11,121,249,185,,,484,121, getitem_14_177(484)
maskedfill_14_179,1x11x11,484,628,548,,,605,484, mul_14_176(484) eq_14_178(121)
softmax_14_180,1x11x11,484,628,548,,,484,484, maskedfill_14_179(484)
dropout_16_181,1x11x11,484,628,548,,blocks.1.sa.heads.5.dropout,484,484, softmax_14_180(484)
linear_45_182,1x11x48,2112,2256,2176,params: 48x384,blocks.1.sa.heads.5.value,16896,2112, layernorm_3_111(16896)
matmul_28_183,1x11x48,2112,2256,2176,,blocks.1.sa.heads.5,2596,2112, dropout_16_181(484) linear_45_182(2112)
linear_46_184,1x11x48,2112,2256,2176,params: 48x384,blocks.1.sa.heads.6.key,16896,2112, layernorm_3_111(16896)
linear_47_185,1x11x48,2112,2256,2176,params: 48x384,blocks.1.sa.heads.6.query,16896,2112, layernorm_3_111(16896)
transpose_15_186,1x48x11,2112,2256,2176,,,2112,2112, linear_46_184(2112)
matmul_29_187,1x11x11,484,628,548,,,4224,484, linear_47_185(2112) transpose_15_186(2112)
mul_15_188,1x11x11,484,628,548,,,484,484, matmul_29_187(484)
getitem_15_189,11x11,484,612,262208,,,262144,484, buffer_15(262144)
eq_15_190,11x11,121,249,185,,,484,121, getitem_15_189(484)
maskedfill_15_191,1x11x11,484,628,548,,,605,484, mul_15_188(484) eq_15_190(121)
softmax_15_192,1x11x11,484,628,548,,,484,484, maskedfill_15_191(484)
dropout_17_193,1x11x11,484,628,548,,blocks.1.sa.heads.6.dropout,484,484, softmax_15_192(484)
linear_48_194,1x11x48,2112,2256,2176,params: 48x384,blocks.1.sa.heads.6.value,16896,2112, layernorm_3_111(16896)
matmul_30_195,1x11x48,2112,2256,2176,,blocks.1.sa.heads.6,2596,2112, dropout_17_193(484) linear_48_194(2112)
linear_49_196,1x11x48,2112,2256,2176,params: 48x384,blocks.1.sa.heads.7.key,16896,2112, layernorm_3_111(16896)
linear_50_197,1x11x48,2112,2256,2176,params: 48x384,blocks.1.sa.heads.7.query,16896,2112, layernorm_3_111(16896)
transpose_16_198,1x48x11,2112,2256,2176,,,2112,2112, linear_49_196(2112)
matmul_31_199,1x11x11,484,628,548,,,4224,484, linear_50_197(2112) transpose_16_198(2112)
mul_16_200,1x11x11,484,628,548,,,484,484, matmul_31_199(484)
getitem_16_201,11x11,484,612,262208,,,262144,484, buffer_16(262144)
eq_16_202,11x11,121,249,185,,,484,121, getitem_16_201(484)
maskedfill_16_203,1x11x11,484,628,548,,,605,484, mul_16_200(484) eq_16_202(121)
softmax_16_204,1x11x11,484,628,548,,,484,484, maskedfill_16_203(484)
dropout_18_205,1x11x11,484,628,548,,blocks.1.sa.heads.7.dropout,484,484, softmax_16_204(484)
linear_51_206,1x11x48,2112,2256,2176,params: 48x384,blocks.1.sa.heads.7.value,16896,2112, layernorm_3_111(16896)
matmul_32_207,1x11x48,2112,2256,2176,,blocks.1.sa.heads.7,2596,2112, dropout_18_205(484) linear_51_206(2112)
cat_2_208,1x11x384,16896,17040,16960,,,16896,16896, matmul_18_123(2112) matmul_20_135(2112) matmul_22_147(2112) matmul_24_159(2112) matmul_26_171(2112) matmul_28_183(2112) matmul_30_195(2112) matmul_32_207(2112)
linear_52_209,1x11x384,16896,17040,16960,"params: 384x384, x384",blocks.1.sa.proj,16896,16896, cat_2_208(16896)
dropout_19_210,1x11x384,16896,17040,16960,,blocks.1.sa.dropout,16896,16896, linear_52_209(16896)
add_3_211,1x11x384,16896,17040,16960,,,33792,16896, add_2_105:2(16896) dropout_19_210(16896)
layernorm_4_212,1x11x384,16896,17040,16960,"params: x384, x384",blocks.1.ln2,16896,16896, add_3_211:1(16896)
linear_53_213,1x11x1536,67584,67728,67648,"params: 1536x384, x1536",blocks.1.ffwd.net.0,16896,67584, layernorm_4_212(16896)
relu_2_214,1x11x1536,67584,67728,67648,,blocks.1.ffwd.net.1,67584,67584, linear_53_213(67584)
linear_54_215,1x11x384,16896,17040,16960,"params: 384x1536, x384",blocks.1.ffwd.net.2,67584,16896, relu_2_214(67584)
dropout_20_216,1x11x384,16896,17040,16960,,blocks.1.ffwd.net.3,16896,16896, linear_54_215(16896)
add_3_211,1x11x384,16896,17040,16960,,,33792,16896, add_3_211:1(16896) dropout_20_216(16896)
layernorm_5_217,1x11x384,16896,17040,16960,"params: x384, x384",blocks.2.ln1,16896,16896, add_3_211:2(16896)
linear_55_218,1x11x48,2112,2256,2176,params: 48x384,blocks.2.sa.heads.0.key,16896,2112, layernorm_5_217(16896)
linear_56_219,1x11x48,2112,2256,2176,params: 48x384,blocks.2.sa.heads.0.query,16896,2112, layernorm_5_217(16896)
transpose_17_220,1x48x11,2112,2256,2176,,,2112,2112, linear_55_218(2112)
matmul_33_221,1x11x11,484,628,548,,,4224,484, linear_56_219(2112) transpose_17_220(2112)
mul_17_222,1x11x11,484,628,548,,,484,484, matmul_33_221(484)
getitem_17_223,11x11,484,612,262208,,,262144,484, buffer_17(262144)
eq_17_224,11x11,121,249,185,,,484,121, getitem_17_223(484)
maskedfill_17_225,1x11x11,484,628,548,,,605,484, mul_17_222(484) eq_17_224(121)
softmax_17_226,1x11x11,484,628,548,,,484,484, maskedfill_17_225(484)
dropout_21_227,1x11x11,484,628,548,,blocks.2.sa.heads.0.dropout,484,484, softmax_17_226(484)
linear_57_228,1x11x48,2112,2256,2176,params: 48x384,blocks.2.sa.heads.0.value,16896,2112, layernorm_5_217(16896)
matmul_34_229,1x11x48,2112,2256,2176,,blocks.2.sa.heads.0,2596,2112, dropout_21_227(484) linear_57_228(2112)
linear_58_230,1x11x48,2112,2256,2176,params: 48x384,blocks.2.sa.heads.1.key,16896,2112, layernorm_5_217(16896)
linear_59_231,1x11x48,2112,2256,2176,params: 48x384,blocks.2.sa.heads.1.query,16896,2112, layernorm_5_217(16896)
transpose_18_232,1x48x11,2112,2256,2176,,,2112,2112, linear_58_230(2112)
matmul_35_233,1x11x11,484,628,548,,,4224,484, linear_59_231(2112) transpose_18_232(2112)
mul_18_234,1x11x11,484,628,548,,,484,484, matmul_35_233(484)
getitem_18_235,11x11,484,612,262208,,,262144,484, buffer_18(262144)
eq_18_236,11x11,121,249,185,,,484,121, getitem_18_235(484)
maskedfill_18_237,1x11x11,484,628,548,,,605,484, mul_18_234(484) eq_18_236(121)
softmax_18_238,1x11x11,484,628,548,,,484,484, maskedfill_18_237(484)
dropout_22_239,1x11x11,484,628,548,,blocks.2.sa.heads.1.dropout,484,484, softmax_18_238(484)
linear_60_240,1x11x48,2112,2256,2176,params: 48x384,blocks.2.sa.heads.1.value,16896,2112, layernorm_5_217(16896)
matmul_36_241,1x11x48,2112,2256,2176,,blocks.2.sa.heads.1,2596,2112, dropout_22_239(484) linear_60_240(2112)
linear_61_242,1x11x48,2112,2256,2176,params: 48x384,blocks.2.sa.heads.2.key,16896,2112, layernorm_5_217(16896)
linear_62_243,1x11x48,2112,2256,2176,params: 48x384,blocks.2.sa.heads.2.query,16896,2112, layernorm_5_217(16896)
transpose_19_244,1x48x11,2112,2256,2176,,,2112,2112, linear_61_242(2112)
matmul_37_245,1x11x11,484,628,548,,,4224,484, linear_62_243(2112) transpose_19_244(2112)
mul_19_246,1x11x11,484,628,548,,,484,484, matmul_37_245(484)
getitem_19_247,11x11,484,612,262208,,,262144,484, buffer_19(262144)
eq_19_248,11x11,121,249,185,,,484,121, getitem_19_247(484)
maskedfill_19_249,1x11x11,484,628,548,,,605,484, mul_19_246(484) eq_19_248(121)
softmax_19_250,1x11x11,484,628,548,,,484,484, maskedfill_19_249(484)
dropout_23_251,1x11x11,484,628,548,,blocks.2.sa.heads.2.dropout,484,484, softmax_19_250(484)
linear_63_252,1x11x48,2112,2256,2176,params: 48x384,blocks.2.sa.heads.2.value,16896,2112, layernorm_5_217(16896)
matmul_38_253,1x11x48,2112,2256,2176,,blocks.2.sa.heads.2,2596,2112, dropout_23_251(484) linear_63_252(2112)
linear_64_254,1x11x48,2112,2256,2176,params: 48x384,blocks.2.sa.heads.3.key,16896,2112, layernorm_5_217(16896)
linear_65_255,1x11x48,2112,2256,2176,params: 48x384,blocks.2.sa.heads.3.query,16896,2112, layernorm_5_217(16896)
transpose_20_256,1x48x11,2112,2256,2176,,,2112,2112, linear_64_254(2112)
matmul_39_257,1x11x11,484,628,548,,,4224,484, linear_65_255(2112) transpose_20_256(2112)
mul_20_258,1x11x11,484,628,548,,,484,484, matmul_39_257(484)
getitem_20_259,11x11,484,612,262208,,,262144,484, buffer_20(262144)
eq_20_260,11x11,121,249,185,,,484,121, getitem_20_259(484)
maskedfill_20_261,1x11x11,484,628,548,,,605,484, mul_20_258(484) eq_20_260(121)
softmax_20_262,1x11x11,484,628,548,,,484,484, maskedfill_20_261(484)
dropout_24_263,1x11x11,484,628,548,,blocks.2.sa.heads.3.dropout,484,484, softmax_20_262(484)
linear_66_264,1x11x48,2112,2256,2176,params: 48x384,blocks.2.sa.heads.3.value,16896,2112, layernorm_5_217(16896)
matmul_40_265,1x11x48,2112,2256,2176,,blocks.2.sa.heads.3,2596,2112, dropout_24_263(484) linear_66_264(2112)
linear_67_266,1x11x48,2112,2256,2176,params: 48x384,blocks.2.sa.heads.4.key,16896,2112, layernorm_5_217(16896)
linear_68_267,1x11x48,2112,2256,2176,params: 48x384,blocks.2.sa.heads.4.query,16896,2112, layernorm_5_217(16896)
transpose_21_268,1x48x11,2112,2256,2176,,,2112,2112, linear_67_266(2112)
matmul_41_269,1x11x11,484,628,548,,,4224,484, linear_68_267(2112) transpose_21_268(2112)
mul_21_270,1x11x11,484,628,548,,,484,484, matmul_41_269(484)
getitem_21_271,11x11,484,612,262208,,,262144,484, buffer_21(262144)
eq_21_272,11x11,121,249,185,,,484,121, getitem_21_271(484)
maskedfill_21_273,1x11x11,484,628,548,,,605,484, mul_21_270(484) eq_21_272(121)
softmax_21_274,1x11x11,484,628,548,,,484,484, maskedfill_21_273(484)
dropout_25_275,1x11x11,484,628,548,,blocks.2.sa.heads.4.dropout,484,484, softmax_21_274(484)
linear_69_276,1x11x48,2112,2256,2176,params: 48x384,blocks.2.sa.heads.4.value,16896,2112, layernorm_5_217(16896)
matmul_42_277,1x11x48,2112,2256,2176,,blocks.2.sa.heads.4,2596,2112, dropout_25_275(484) linear_69_276(2112)
linear_70_278,1x11x48,2112,2256,2176,params: 48x384,blocks.2.sa.heads.5.key,16896,2112, layernorm_5_217(16896)
linear_71_279,1x11x48,2112,2256,2176,params: 48x384,blocks.2.sa.heads.5.query,16896,2112, layernorm_5_217(16896)
transpose_22_280,1x48x11,2112,2256,2176,,,2112,2112, linear_70_278(2112)
matmul_43_281,1x11x11,484,628,548,,,4224,484, linear_71_279(2112) transpose_22_280(2112)
mul_22_282,1x11x11,484,628,548,,,484,484, matmul_43_281(484)
getitem_22_283,11x11,484,612,262208,,,262144,484, buffer_22(262144)
eq_22_284,11x11,121,249,185,,,484,121, getitem_22_283(484)
maskedfill_22_285,1x11x11,484,628,548,,,605,484, mul_22_282(484) eq_22_284(121)
softmax_22_286,1x11x11,484,628,548,,,484,484, maskedfill_22_285(484)
dropout_26_287,1x11x11,484,628,548,,blocks.2.sa.heads.5.dropout,484,484, softmax_22_286(484)
linear_72_288,1x11x48,2112,2256,2176,params: 48x384,blocks.2.sa.heads.5.value,16896,2112, layernorm_5_217(16896)
matmul_44_289,1x11x48,2112,2256,2176,,blocks.2.sa.heads.5,2596,2112, dropout_26_287(484) linear_72_288(2112)
linear_73_290,1x11x48,2112,2256,2176,params: 48x384,blocks.2.sa.heads.6.key,16896,2112, layernorm_5_217(16896)
linear_74_291,1x11x48,2112,2256,2176,params: 48x384,blocks.2.sa.heads.6.query,16896,2112, layernorm_5_217(16896)
transpose_23_292,1x48x11,2112,2256,2176,,,2112,2112, linear_73_290(2112)
matmul_45_293,1x11x11,484,628,548,,,4224,484, linear_74_291(2112) transpose_23_292(2112)
mul_23_294,1x11x11,484,628,548,,,484,484, matmul_45_293(484)
getitem_23_295,11x11,484,612,262208,,,262144,484, buffer_23(262144)
eq_23_296,11x11,121,249,185,,,484,121, getitem_23_295(484)
maskedfill_23_297,1x11x11,484,628,548,,,605,484, mul_23_294(484) eq_23_296(121)
softmax_23_298,1x11x11,484,628,548,,,484,484, maskedfill_23_297(484)
dropout_27_299,1x11x11,484,628,548,,blocks.2.sa.heads.6.dropout,484,484, softmax_23_298(484)
linear_75_300,1x11x48,2112,2256,2176,params: 48x384,blocks.2.sa.heads.6.value,16896,2112, layernorm_5_217(16896)
matmul_46_301,1x11x48,2112,2256,2176,,blocks.2.sa.heads.6,2596,2112, dropout_27_299(484) linear_75_300(2112)
linear_76_302,1x11x48,2112,2256,2176,params: 48x384,blocks.2.sa.heads.7.key,16896,2112, layernorm_5_217(16896)
linear_77_303,1x11x48,2112,2256,2176,params: 48x384,blocks.2.sa.heads.7.query,16896,2112, layernorm_5_217(16896)
transpose_24_304,1x48x11,2112,2256,2176,,,2112,2112, linear_76_302(2112)
matmul_47_305,1x11x11,484,628,548,,,4224,484, linear_77_303(2112) transpose_24_304(2112)
mul_24_306,1x11x11,484,628,548,,,484,484, matmul_47_305(484)
getitem_24_307,11x11,484,612,262208,,,262144,484, buffer_24(262144)
eq_24_308,11x11,121,249,185,,,484,121, getitem_24_307(484)
maskedfill_24_309,1x11x11,484,628,548,,,605,484, mul_24_306(484) eq_24_308(121)
softmax_24_310,1x11x11,484,628,548,,,484,484, maskedfill_24_309(484)
dropout_28_311,1x11x11,484,628,548,,blocks.2.sa.heads.7.dropout,484,484, softmax_24_310(484)
linear_78_312,1x11x48,2112,2256,2176,params: 48x384,blocks.2.sa.heads.7.value,16896,2112, layernorm_5_217(16896)
matmul_48_313,1x11x48,2112,2256,2176,,blocks.2.sa.heads.7,2596,2112, dropout_28_311(484) linear_78_312(2112)
cat_3_314,1x11x384,16896,17040,16960,,,16896,16896, matmul_34_229(2112) matmul_36_241(2112) matmul_38_253(2112) matmul_40_265(2112) matmul_42_277(2112) matmul_44_289(2112) matmul_46_301(2112) matmul_48_313(2112)
linear_79_315,1x11x384,16896,17040,16960,"params: 384x384, x384",blocks.2.sa.proj,16896,16896, cat_3_314(16896)
dropout_29_316,1x11x384,16896,17040,16960,,blocks.2.sa.dropout,16896,16896, linear_79_315(16896)
add_4_317,1x11x384,16896,17040,16960,,,33792,16896, add_3_211:2(16896) dropout_29_316(16896)
layernorm_6_318,1x11x384,16896,17040,16960,"params: x384, x384",blocks.2.ln2,16896,16896, add_4_317:1(16896)
linear_80_319,1x11x1536,67584,67728,67648,"params: 1536x384, x1536",blocks.2.ffwd.net.0,16896,67584, layernorm_6_318(16896)
relu_3_320,1x11x1536,67584,67728,67648,,blocks.2.ffwd.net.1,67584,67584, linear_80_319(67584)
linear_81_321,1x11x384,16896,17040,16960,"params: 384x1536, x384",blocks.2.ffwd.net.2,67584,16896, relu_3_320(67584)
dropout_30_322,1x11x384,16896,17040,16960,,blocks.2.ffwd.net.3,16896,16896, linear_81_321(16896)
add_4_317,1x11x384,16896,17040,16960,,,33792,16896, add_4_317:1(16896) dropout_30_322(16896)
layernorm_7_323,1x11x384,16896,17040,16960,"params: x384, x384",blocks.3.ln1,16896,16896, add_4_317:2(16896)
linear_82_324,1x11x48,2112,2256,2176,params: 48x384,blocks.3.sa.heads.0.key,16896,2112, layernorm_7_323(16896)
linear_83_325,1x11x48,2112,2256,2176,params: 48x384,blocks.3.sa.heads.0.query,16896,2112, layernorm_7_323(16896)
transpose_25_326,1x48x11,2112,2256,2176,,,2112,2112, linear_82_324(2112)
matmul_49_327,1x11x11,484,628,548,,,4224,484, linear_83_325(2112) transpose_25_326(2112)
mul_25_328,1x11x11,484,628,548,,,484,484, matmul_49_327(484)
getitem_25_329,11x11,484,612,262208,,,262144,484, buffer_25(262144)
eq_25_330,11x11,121,249,185,,,484,121, getitem_25_329(484)
maskedfill_25_331,1x11x11,484,628,548,,,605,484, mul_25_328(484) eq_25_330(121)
softmax_25_332,1x11x11,484,628,548,,,484,484, maskedfill_25_331(484)
dropout_31_333,1x11x11,484,628,548,,blocks.3.sa.heads.0.dropout,484,484, softmax_25_332(484)
linear_84_334,1x11x48,2112,2256,2176,params: 48x384,blocks.3.sa.heads.0.value,16896,2112, layernorm_7_323(16896)
matmul_50_335,1x11x48,2112,2256,2176,,blocks.3.sa.heads.0,2596,2112, dropout_31_333(484) linear_84_334(2112)
linear_85_336,1x11x48,2112,2256,2176,params: 48x384,blocks.3.sa.heads.1.key,16896,2112, layernorm_7_323(16896)
linear_86_337,1x11x48,2112,2256,2176,params: 48x384,blocks.3.sa.heads.1.query,16896,2112, layernorm_7_323(16896)
transpose_26_338,1x48x11,2112,2256,2176,,,2112,2112, linear_85_336(2112)
matmul_51_339,1x11x11,484,628,548,,,4224,484, linear_86_337(2112) transpose_26_338(2112)
mul_26_340,1x11x11,484,628,548,,,484,484, matmul_51_339(484)
getitem_26_341,11x11,484,612,262208,,,262144,484, buffer_26(262144)
eq_26_342,11x11,121,249,185,,,484,121, getitem_26_341(484)
maskedfill_26_343,1x11x11,484,628,548,,,605,484, mul_26_340(484) eq_26_342(121)
softmax_26_344,1x11x11,484,628,548,,,484,484, maskedfill_26_343(484)
dropout_32_345,1x11x11,484,628,548,,blocks.3.sa.heads.1.dropout,484,484, softmax_26_344(484)
linear_87_346,1x11x48,2112,2256,2176,params: 48x384,blocks.3.sa.heads.1.value,16896,2112, layernorm_7_323(16896)
matmul_52_347,1x11x48,2112,2256,2176,,blocks.3.sa.heads.1,2596,2112, dropout_32_345(484) linear_87_346(2112)
linear_88_348,1x11x48,2112,2256,2176,params: 48x384,blocks.3.sa.heads.2.key,16896,2112, layernorm_7_323(16896)
linear_89_349,1x11x48,2112,2256,2176,params: 48x384,blocks.3.sa.heads.2.query,16896,2112, layernorm_7_323(16896)
transpose_27_350,1x48x11,2112,2256,2176,,,2112,2112, linear_88_348(2112)
matmul_53_351,1x11x11,484,628,548,,,4224,484, linear_89_349(2112) transpose_27_350(2112)
mul_27_352,1x11x11,484,628,548,,,484,484, matmul_53_351(484)
getitem_27_353,11x11,484,612,262208,,,262144,484, buffer_27(262144)
eq_27_354,11x11,121,249,185,,,484,121, getitem_27_353(484)
maskedfill_27_355,1x11x11,484,628,548,,,605,484, mul_27_352(484) eq_27_354(121)
softmax_27_356,1x11x11,484,628,548,,,484,484, maskedfill_27_355(484)
dropout_33_357,1x11x11,484,628,548,,blocks.3.sa.heads.2.dropout,484,484, softmax_27_356(484)
linear_90_358,1x11x48,2112,2256,2176,params: 48x384,blocks.3.sa.heads.2.value,16896,2112, layernorm_7_323(16896)
matmul_54_359,1x11x48,2112,2256,2176,,blocks.3.sa.heads.2,2596,2112, dropout_33_357(484) linear_90_358(2112)
linear_91_360,1x11x48,2112,2256,2176,params: 48x384,blocks.3.sa.heads.3.key,16896,2112, layernorm_7_323(16896)
linear_92_361,1x11x48,2112,2256,2176,params: 48x384,blocks.3.sa.heads.3.query,16896,2112, layernorm_7_323(16896)
transpose_28_362,1x48x11,2112,2256,2176,,,2112,2112, linear_91_360(2112)
matmul_55_363,1x11x11,484,628,548,,,4224,484, linear_92_361(2112) transpose_28_362(2112)
mul_28_364,1x11x11,484,628,548,,,484,484, matmul_55_363(484)
getitem_28_365,11x11,484,612,262208,,,262144,484, buffer_28(262144)
eq_28_366,11x11,121,249,185,,,484,121, getitem_28_365(484)
maskedfill_28_367,1x11x11,484,628,548,,,605,484, mul_28_364(484) eq_28_366(121)
softmax_28_368,1x11x11,484,628,548,,,484,484, maskedfill_28_367(484)
dropout_34_369,1x11x11,484,628,548,,blocks.3.sa.heads.3.dropout,484,484, softmax_28_368(484)
linear_93_370,1x11x48,2112,2256,2176,params: 48x384,blocks.3.sa.heads.3.value,16896,2112, layernorm_7_323(16896)
matmul_56_371,1x11x48,2112,2256,2176,,blocks.3.sa.heads.3,2596,2112, dropout_34_369(484) linear_93_370(2112)
linear_94_372,1x11x48,2112,2256,2176,params: 48x384,blocks.3.sa.heads.4.key,16896,2112, layernorm_7_323(16896)
linear_95_373,1x11x48,2112,2256,2176,params: 48x384,blocks.3.sa.heads.4.query,16896,2112, layernorm_7_323(16896)
transpose_29_374,1x48x11,2112,2256,2176,,,2112,2112, linear_94_372(2112)
matmul_57_375,1x11x11,484,628,548,,,4224,484, linear_95_373(2112) transpose_29_374(2112)
mul_29_376,1x11x11,484,628,548,,,484,484, matmul_57_375(484)
getitem_29_377,11x11,484,612,262208,,,262144,484, buffer_29(262144)
eq_29_378,11x11,121,249,185,,,484,121, getitem_29_377(484)
maskedfill_29_379,1x11x11,484,628,548,,,605,484, mul_29_376(484) eq_29_378(121)
softmax_29_380,1x11x11,484,628,548,,,484,484, maskedfill_29_379(484)
dropout_35_381,1x11x11,484,628,548,,blocks.3.sa.heads.4.dropout,484,484, softmax_29_380(484)
linear_96_382,1x11x48,2112,2256,2176,params: 48x384,blocks.3.sa.heads.4.value,16896,2112, layernorm_7_323(16896)
matmul_58_383,1x11x48,2112,2256,2176,,blocks.3.sa.heads.4,2596,2112, dropout_35_381(484) linear_96_382(2112)
linear_97_384,1x11x48,2112,2256,2176,params: 48x384,blocks.3.sa.heads.5.key,16896,2112, layernorm_7_323(16896)
linear_98_385,1x11x48,2112,2256,2176,params: 48x384,blocks.3.sa.heads.5.query,16896,2112, layernorm_7_323(16896)
transpose_30_386,1x48x11,2112,2256,2176,,,2112,2112, linear_97_384(2112)
matmul_59_387,1x11x11,484,628,548,,,4224,484, linear_98_385(2112) transpose_30_386(2112)
mul_30_388,1x11x11,484,628,548,,,484,484, matmul_59_387(484)
getitem_30_389,11x11,484,612,262208,,,262144,484, buffer_30(262144)
eq_30_390,11x11,121,249,185,,,484,121, getitem_30_389(484)
maskedfill_30_391,1x11x11,484,628,548,,,605,484, mul_30_388(484) eq_30_390(121)
softmax_30_392,1x11x11,484,628,548,,,484,484, maskedfill_30_391(484)
dropout_36_393,1x11x11,484,628,548,,blocks.3.sa.heads.5.dropout,484,484, softmax_30_392(484)
linear_99_394,1x11x48,2112,2256,2176,params: 48x384,blocks.3.sa.heads.5.value,16896,2112, layernorm_7_323(16896)
matmul_60_395,1x11x48,2112,2256,2176,,blocks.3.sa.heads.5,2596,2112, dropout_36_393(484) linear_99_394(2112)
linear_100_396,1x11x48,2112,2256,2176,params: 48x384,blocks.3.sa.heads.6.key,16896,2112, layernorm_7_323(16896)
linear_101_397,1x11x48,2112,2256,2176,params: 48x384,blocks.3.sa.heads.6.query,16896,2112, layernorm_7_323(16896)
transpose_31_398,1x48x11,2112,2256,2176,,,2112,2112, linear_100_396(2112)
matmul_61_399,1x11x11,484,628,548,,,4224,484, linear_101_397(2112) transpose_31_398(2112)
mul_31_400,1x11x11,484,628,548,,,484,484, matmul_61_399(484)
getitem_31_401,11x11,484,612,262208,,,262144,484, buffer_31(262144)
eq_31_402,11x11,121,249,185,,,484,121, getitem_31_401(484)
maskedfill_31_403,1x11x11,484,628,548,,,605,484, mul_31_400(484) eq_31_402(121)
softmax_31_404,1x11x11,484,628,548,,,484,484, maskedfill_31_403(484)
dropout_37_405,1x11x11,484,628,548,,blocks.3.sa.heads.6.dropout,484,484, softmax_31_404(484)
linear_102_406,1x11x48,2112,2256,2176,params: 48x384,blocks.3.sa.heads.6.value,16896,2112, layernorm_7_323(16896)
matmul_62_407,1x11x48,2112,2256,2176,,blocks.3.sa.heads.6,2596,2112, dropout_37_405(484) linear_102_406(2112)
linear_103_408,1x11x48,2112,2256,2176,params: 48x384,blocks.3.sa.heads.7.key,16896,2112, layernorm_7_323(16896)
linear_104_409,1x11x48,2112,2256,2176,params: 48x384,blocks.3.sa.heads.7.query,16896,2112, layernorm_7_323(16896)
transpose_32_410,1x48x11,2112,2256,2176,,,2112,2112, linear_103_408(2112)
matmul_63_411,1x11x11,484,628,548,,,4224,484, linear_104_409(2112) transpose_32_410(2112)
mul_32_412,1x11x11,484,628,548,,,484,484, matmul_63_411(484)
getitem_32_413,11x11,484,612,262208,,,262144,484, buffer_32(262144)
eq_32_414,11x11,121,249,185,,,484,121, getitem_32_413(484)
maskedfill_32_415,1x11x11,484,628,548,,,605,484, mul_32_412(484) eq_32_414(121)
softmax_32_416,1x11x11,484,628,548,,,484,484, maskedfill_32_415(484)
dropout_38_417,1x11x11,484,628,548,,blocks.3.sa.heads.7.dropout,484,484, softmax_32_416(484)
linear_105_418,1x11x48,2112,2256,2176,params: 48x384,blocks.3.sa.heads.7.value,16896,2112, layernorm_7_323(16896)
matmul_64_419,1x11x48,2112,2256,2176,,blocks.3.sa.heads.7,2596,2112, dropout_38_417(484) linear_105_418(2112)
cat_4_420,1x11x384,16896,17040,16960,,,16896,16896, matmul_50_335(2112) matmul_52_347(2112) matmul_54_359(2112) matmul_56_371(2112) matmul_58_383(2112) matmul_60_395(2112) matmul_62_407(2112) matmul_64_419(2112)
linear_106_421,1x11x384,16896,17040,16960,"params: 384x384, x384",blocks.3.sa.proj,16896,16896, cat_4_420(16896)
dropout_39_422,1x11x384,16896,17040,16960,,blocks.3.sa.dropout,16896,16896, linear_106_421(16896)
add_5_423,1x11x384,16896,17040,16960,,,33792,16896, add_4_317:2(16896) dropout_39_422(16896)
layernorm_8_424,1x11x384,16896,17040,16960,"params: x384, x384",blocks.3.ln2,16896,16896, add_5_423:1(16896)
linear_107_425,1x11x1536,67584,67728,67648,"params: 1536x384, x1536",blocks.3.ffwd.net.0,16896,67584, layernorm_8_424(16896)
relu_4_426,1x11x1536,67584,67728,67648,,blocks.3.ffwd.net.1,67584,67584, linear_107_425(67584)
linear_108_427,1x11x384,16896,17040,16960,"params: 384x1536, x384",blocks.3.ffwd.net.2,67584,16896, relu_4_426(67584)
dropout_40_428,1x11x384,16896,17040,16960,,blocks.3.ffwd.net.3,16896,16896, linear_108_427(16896)
add_5_423,1x11x384,16896,17040,16960,,,33792,16896, add_5_423:1(16896) dropout_40_428(16896)
layernorm_9_429,1x11x384,16896,17040,16960,"params: x384, x384",blocks.4.ln1,16896,16896, add_5_423:2(16896)
linear_109_430,1x11x48,2112,2256,2176,params: 48x384,blocks.4.sa.heads.0.key,16896,2112, layernorm_9_429(16896)
linear_110_431,1x11x48,2112,2256,2176,params: 48x384,blocks.4.sa.heads.0.query,16896,2112, layernorm_9_429(16896)
transpose_33_432,1x48x11,2112,2256,2176,,,2112,2112, linear_109_430(2112)
matmul_65_433,1x11x11,484,628,548,,,4224,484, linear_110_431(2112) transpose_33_432(2112)
mul_33_434,1x11x11,484,628,548,,,484,484, matmul_65_433(484)
getitem_33_435,11x11,484,612,262208,,,262144,484, buffer_33(262144)
eq_33_436,11x11,121,249,185,,,484,121, getitem_33_435(484)
maskedfill_33_437,1x11x11,484,628,548,,,605,484, mul_33_434(484) eq_33_436(121)
softmax_33_438,1x11x11,484,628,548,,,484,484, maskedfill_33_437(484)
dropout_41_439,1x11x11,484,628,548,,blocks.4.sa.heads.0.dropout,484,484, softmax_33_438(484)
linear_111_440,1x11x48,2112,2256,2176,params: 48x384,blocks.4.sa.heads.0.value,16896,2112, layernorm_9_429(16896)
matmul_66_441,1x11x48,2112,2256,2176,,blocks.4.sa.heads.0,2596,2112, dropout_41_439(484) linear_111_440(2112)
linear_112_442,1x11x48,2112,2256,2176,params: 48x384,blocks.4.sa.heads.1.key,16896,2112, layernorm_9_429(16896)
linear_113_443,1x11x48,2112,2256,2176,params: 48x384,blocks.4.sa.heads.1.query,16896,2112, layernorm_9_429(16896)
transpose_34_444,1x48x11,2112,2256,2176,,,2112,2112, linear_112_442(2112)
matmul_67_445,1x11x11,484,628,548,,,4224,484, linear_113_443(2112) transpose_34_444(2112)
mul_34_446,1x11x11,484,628,548,,,484,484, matmul_67_445(484)
getitem_34_447,11x11,484,612,262208,,,262144,484, buffer_34(262144)
eq_34_448,11x11,121,249,185,,,484,121, getitem_34_447(484)
maskedfill_34_449,1x11x11,484,628,548,,,605,484, mul_34_446(484) eq_34_448(121)
softmax_34_450,1x11x11,484,628,548,,,484,484, maskedfill_34_449(484)
dropout_42_451,1x11x11,484,628,548,,blocks.4.sa.heads.1.dropout,484,484, softmax_34_450(484)
linear_114_452,1x11x48,2112,2256,2176,params: 48x384,blocks.4.sa.heads.1.value,16896,2112, layernorm_9_429(16896)
matmul_68_453,1x11x48,2112,2256,2176,,blocks.4.sa.heads.1,2596,2112, dropout_42_451(484) linear_114_452(2112)
linear_115_454,1x11x48,2112,2256,2176,params: 48x384,blocks.4.sa.heads.2.key,16896,2112, layernorm_9_429(16896)
linear_116_455,1x11x48,2112,2256,2176,params: 48x384,blocks.4.sa.heads.2.query,16896,2112, layernorm_9_429(16896)
transpose_35_456,1x48x11,2112,2256,2176,,,2112,2112, linear_115_454(2112)
matmul_69_457,1x11x11,484,628,548,,,4224,484, linear_116_455(2112) transpose_35_456(2112)
mul_35_458,1x11x11,484,628,548,,,484,484, matmul_69_457(484)
getitem_35_459,11x11,484,612,262208,,,262144,484, buffer_35(262144)
eq_35_460,11x11,121,249,185,,,484,121, getitem_35_459(484)
maskedfill_35_461,1x11x11,484,628,548,,,605,484, mul_35_458(484) eq_35_460(121)
softmax_35_462,1x11x11,484,628,548,,,484,484, maskedfill_35_461(484)
dropout_43_463,1x11x11,484,628,548,,blocks.4.sa.heads.2.dropout,484,484, softmax_35_462(484)
linear_117_464,1x11x48,2112,2256,2176,params: 48x384,blocks.4.sa.heads.2.value,16896,2112, layernorm_9_429(16896)
matmul_70_465,1x11x48,2112,2256,2176,,blocks.4.sa.heads.2,2596,2112, dropout_43_463(484) linear_117_464(2112)
linear_118_466,1x11x48,2112,2256,2176,params: 48x384,blocks.4.sa.heads.3.key,16896,2112, layernorm_9_429(16896)
linear_119_467,1x11x48,2112,2256,2176,params: 48x384,blocks.4.sa.heads.3.query,16896,2112, layernorm_9_429(16896)
transpose_36_468,1x48x11,2112,2256,2176,,,2112,2112, linear_118_466(2112)
matmul_71_469,1x11x11,484,628,548,,,4224,484, linear_119_467(2112) transpose_36_468(2112)
mul_36_470,1x11x11,484,628,548,,,484,484, matmul_71_469(484)
getitem_36_471,11x11,484,612,262208,,,262144,484, buffer_36(262144)
eq_36_472,11x11,121,249,185,,,484,121, getitem_36_471(484)
maskedfill_36_473,1x11x11,484,628,548,,,605,484, mul_36_470(484) eq_36_472(121)
softmax_36_474,1x11x11,484,628,548,,,484,484, maskedfill_36_473(484)
dropout_44_475,1x11x11,484,628,548,,blocks.4.sa.heads.3.dropout,484,484, softmax_36_474(484)
linear_120_476,1x11x48,2112,2256,2176,params: 48x384,blocks.4.sa.heads.3.value,16896,2112, layernorm_9_429(16896)
matmul_72_477,1x11x48,2112,2256,2176,,blocks.4.sa.heads.3,2596,2112, dropout_44_475(484) linear_120_476(2112)
linear_121_478,1x11x48,2112,2256,2176,params: 48x384,blocks.4.sa.heads.4.key,16896,2112, layernorm_9_429(16896)
linear_122_479,1x11x48,2112,2256,2176,params: 48x384,blocks.4.sa.heads.4.query,16896,2112, layernorm_9_429(16896)
transpose_37_480,1x48x11,2112,2256,2176,,,2112,2112, linear_121_478(2112)
matmul_73_481,1x11x11,484,628,548,,,4224,484, linear_122_479(2112) transpose_37_480(2112)
mul_37_482,1x11x11,484,628,548,,,484,484, matmul_73_481(484)
getitem_37_483,11x11,484,612,262208,,,262144,484, buffer_37(262144)
eq_37_484,11x11,121,249,185,,,484,121, getitem_37_483(484)
maskedfill_37_485,1x11x11,484,628,548,,,605,484, mul_37_482(484) eq_37_484(121)
softmax_37_486,1x11x11,484,628,548,,,484,484, maskedfill_37_485(484)
dropout_45_487,1x11x11,484,628,548,,blocks.4.sa.heads.4.dropout,484,484, softmax_37_486(484)
linear_123_488,1x11x48,2112,2256,2176,params: 48x384,blocks.4.sa.heads.4.value,16896,2112, layernorm_9_429(16896)
matmul_74_489,1x11x48,2112,2256,2176,,blocks.4.sa.heads.4,2596,2112, dropout_45_487(484) linear_123_488(2112)
linear_124_490,1x11x48,2112,2256,2176,params: 48x384,blocks.4.sa.heads.5.key,16896,2112, layernorm_9_429(16896)
linear_125_491,1x11x48,2112,2256,2176,params: 48x384,blocks.4.sa.heads.5.query,16896,2112, layernorm_9_429(16896)
transpose_38_492,1x48x11,2112,2256,2176,,,2112,2112, linear_124_490(2112)
matmul_75_493,1x11x11,484,628,548,,,4224,484, linear_125_491(2112) transpose_38_492(2112)
mul_38_494,1x11x11,484,628,548,,,484,484, matmul_75_493(484)
getitem_38_495,11x11,484,612,262208,,,262144,484, buffer_38(262144)
eq_38_496,11x11,121,249,185,,,484,121, getitem_38_495(484)
maskedfill_38_497,1x11x11,484,628,548,,,605,484, mul_38_494(484) eq_38_496(121)
softmax_38_498,1x11x11,484,628,548,,,484,484, maskedfill_38_497(484)
dropout_46_499,1x11x11,484,628,548,,blocks.4.sa.heads.5.dropout,484,484, softmax_38_498(484)
linear_126_500,1x11x48,2112,2256,2176,params: 48x384,blocks.4.sa.heads.5.value,16896,2112, layernorm_9_429(16896)
matmul_76_501,1x11x48,2112,2256,2176,,blocks.4.sa.heads.5,2596,2112, dropout_46_499(484) linear_126_500(2112)
linear_127_502,1x11x48,2112,2256,2176,params: 48x384,blocks.4.sa.heads.6.key,16896,2112, layernorm_9_429(16896)
linear_128_503,1x11x48,2112,2256,2176,params: 48x384,blocks.4.sa.heads.6.query,16896,2112, layernorm_9_429(16896)
transpose_39_504,1x48x11,2112,2256,2176,,,2112,2112, linear_127_502(2112)
matmul_77_505,1x11x11,484,628,548,,,4224,484, linear_128_503(2112) transpose_39_504(2112)
mul_39_506,1x11x11,484,628,548,,,484,484, matmul_77_505(484)
getitem_39_507,11x11,484,612,262208,,,262144,484, buffer_39(262144)
eq_39_508,11x11,121,249,185,,,484,121, getitem_39_507(484)
maskedfill_39_509,1x11x11,484,628,548,,,605,484, mul_39_506(484) eq_39_508(121)
softmax_39_510,1x11x11,484,628,548,,,484,484, maskedfill_39_509(484)
dropout_47_511,1x11x11,484,628,548,,blocks.4.sa.heads.6.dropout,484,484, softmax_39_510(484)
linear_129_512,1x11x48,2112,2256,2176,params: 48x384,blocks.4.sa.heads.6.value,16896,2112, layernorm_9_429(16896)
matmul_78_513,1x11x48,2112,2256,2176,,blocks.4.sa.heads.6,2596,2112, dropout_47_511(484) linear_129_512(2112)
linear_130_514,1x11x48,2112,2256,2176,params: 48x384,blocks.4.sa.heads.7.key,16896,2112, layernorm_9_429(16896)
linear_131_515,1x11x48,2112,2256,2176,params: 48x384,blocks.4.sa.heads.7.query,16896,2112, layernorm_9_429(16896)
transpose_40_516,1x48x11,2112,2256,2176,,,2112,2112, linear_130_514(2112)
matmul_79_517,1x11x11,484,628,548,,,4224,484, linear_131_515(2112) transpose_40_516(2112)
mul_40_518,1x11x11,484,628,548,,,484,484, matmul_79_517(484)
getitem_40_519,11x11,484,612,262208,,,262144,484, buffer_40(262144)
eq_40_520,11x11,121,249,185,,,484,121, getitem_40_519(484)
maskedfill_40_521,1x11x11,484,628,548,,,605,484, mul_40_518(484) eq_40_520(121)
softmax_40_522,1x11x11,484,628,548,,,484,484, maskedfill_40_521(484)
dropout_48_523,1x11x11,484,628,548,,blocks.4.sa.heads.7.dropout,484,484, softmax_40_522(484)
linear_132_524,1x11x48,2112,2256,2176,params: 48x384,blocks.4.sa.heads.7.value,16896,2112, layernorm_9_429(16896)
matmul_80_525,1x11x48,2112,2256,2176,,blocks.4.sa.heads.7,2596,2112, dropout_48_523(484) linear_132_524(2112)
cat_5_526,1x11x384,16896,17040,16960,,,16896,16896, matmul_66_441(2112) matmul_68_453(2112) matmul_70_465(2112) matmul_72_477(2112) matmul_74_489(2112) matmul_76_501(2112) matmul_78_513(2112) matmul_80_525(2112)
linear_133_527,1x11x384,16896,17040,16960,"params: 384x384, x384",blocks.4.sa.proj,16896,16896, cat_5_526(16896)
dropout_49_528,1x11x384,16896,17040,16960,,blocks.4.sa.dropout,16896,16896, linear_133_527(16896)
add_6_529,1x11x384,16896,17040,16960,,,33792,16896, add_5_423:2(16896) dropout_49_528(16896)
layernorm_10_530,1x11x384,16896,17040,16960,"params: x384, x384",blocks.4.ln2,16896,16896, add_6_529:1(16896)
linear_134_531,1x11x1536,67584,67728,67648,"params: 1536x384, x1536",blocks.4.ffwd.net.0,16896,67584, layernorm_10_530(16896)
relu_5_532,1x11x1536,67584,67728,67648,,blocks.4.ffwd.net.1,67584,67584, linear_134_531(67584)
linear_135_533,1x11x384,16896,17040,16960,"params: 384x1536, x384",blocks.4.ffwd.net.2,67584,16896, relu_5_532(67584)
dropout_50_534,1x11x384,16896,17040,16960,,blocks.4.ffwd.net.3,16896,16896, linear_135_533(16896)
add_6_529,1x11x384,16896,17040,16960,,,33792,16896, add_6_529:1(16896) dropout_50_534(16896)
layernorm_11_535,1x11x384,16896,17040,16960,"params: x384, x384",blocks.5.ln1,16896,16896, add_6_529:2(16896)
linear_136_536,1x11x48,2112,2256,2176,params: 48x384,blocks.5.sa.heads.0.key,16896,2112, layernorm_11_535(16896)
linear_137_537,1x11x48,2112,2256,2176,params: 48x384,blocks.5.sa.heads.0.query,16896,2112, layernorm_11_535(16896)
transpose_41_538,1x48x11,2112,2256,2176,,,2112,2112, linear_136_536(2112)
matmul_81_539,1x11x11,484,628,548,,,4224,484, linear_137_537(2112) transpose_41_538(2112)
mul_41_540,1x11x11,484,628,548,,,484,484, matmul_81_539(484)
getitem_41_541,11x11,484,612,262208,,,262144,484, buffer_41(262144)
eq_41_542,11x11,121,249,185,,,484,121, getitem_41_541(484)
maskedfill_41_543,1x11x11,484,628,548,,,605,484, mul_41_540(484) eq_41_542(121)
softmax_41_544,1x11x11,484,628,548,,,484,484, maskedfill_41_543(484)
dropout_51_545,1x11x11,484,628,548,,blocks.5.sa.heads.0.dropout,484,484, softmax_41_544(484)
linear_138_546,1x11x48,2112,2256,2176,params: 48x384,blocks.5.sa.heads.0.value,16896,2112, layernorm_11_535(16896)
matmul_82_547,1x11x48,2112,2256,2176,,blocks.5.sa.heads.0,2596,2112, dropout_51_545(484) linear_138_546(2112)
linear_139_548,1x11x48,2112,2256,2176,params: 48x384,blocks.5.sa.heads.1.key,16896,2112, layernorm_11_535(16896)
linear_140_549,1x11x48,2112,2256,2176,params: 48x384,blocks.5.sa.heads.1.query,16896,2112, layernorm_11_535(16896)
transpose_42_550,1x48x11,2112,2256,2176,,,2112,2112, linear_139_548(2112)
matmul_83_551,1x11x11,484,628,548,,,4224,484, linear_140_549(2112) transpose_42_550(2112)
mul_42_552,1x11x11,484,628,548,,,484,484, matmul_83_551(484)
getitem_42_553,11x11,484,612,262208,,,262144,484, buffer_42(262144)
eq_42_554,11x11,121,249,185,,,484,121, getitem_42_553(484)
maskedfill_42_555,1x11x11,484,628,548,,,605,484, mul_42_552(484) eq_42_554(121)
softmax_42_556,1x11x11,484,628,548,,,484,484, maskedfill_42_555(484)
dropout_52_557,1x11x11,484,628,548,,blocks.5.sa.heads.1.dropout,484,484, softmax_42_556(484)
linear_141_558,1x11x48,2112,2256,2176,params: 48x384,blocks.5.sa.heads.1.value,16896,2112, layernorm_11_535(16896)
matmul_84_559,1x11x48,2112,2256,2176,,blocks.5.sa.heads.1,2596,2112, dropout_52_557(484) linear_141_558(2112)
linear_142_560,1x11x48,2112,2256,2176,params: 48x384,blocks.5.sa.heads.2.key,16896,2112, layernorm_11_535(16896)
linear_143_561,1x11x48,2112,2256,2176,params: 48x384,blocks.5.sa.heads.2.query,16896,2112, layernorm_11_535(16896)
transpose_43_562,1x48x11,2112,2256,2176,,,2112,2112, linear_142_560(2112)
matmul_85_563,1x11x11,484,628,548,,,4224,484, linear_143_561(2112) transpose_43_562(2112)
mul_43_564,1x11x11,484,628,548,,,484,484, matmul_85_563(484)
getitem_43_565,11x11,484,612,262208,,,262144,484, buffer_43(262144)
eq_43_566,11x11,121,249,185,,,484,121, getitem_43_565(484)
maskedfill_43_567,1x11x11,484,628,548,,,605,484, mul_43_564(484) eq_43_566(121)
softmax_43_568,1x11x11,484,628,548,,,484,484, maskedfill_43_567(484)
dropout_53_569,1x11x11,484,628,548,,blocks.5.sa.heads.2.dropout,484,484, softmax_43_568(484)
linear_144_570,1x11x48,2112,2256,2176,params: 48x384,blocks.5.sa.heads.2.value,16896,2112, layernorm_11_535(16896)
matmul_86_571,1x11x48,2112,2256,2176,,blocks.5.sa.heads.2,2596,2112, dropout_53_569(484) linear_144_570(2112)
linear_145_572,1x11x48,2112,2256,2176,params: 48x384,blocks.5.sa.heads.3.key,16896,2112, layernorm_11_535(16896)
linear_146_573,1x11x48,2112,2256,2176,params: 48x384,blocks.5.sa.heads.3.query,16896,2112, layernorm_11_535(16896)
transpose_44_574,1x48x11,2112,2256,2176,,,2112,2112, linear_145_572(2112)
matmul_87_575,1x11x11,484,628,548,,,4224,484, linear_146_573(2112) transpose_44_574(2112)
mul_44_576,1x11x11,484,628,548,,,484,484, matmul_87_575(484)
getitem_44_577,11x11,484,612,262208,,,262144,484, buffer_44(262144)
eq_44_578,11x11,121,249,185,,,484,121, getitem_44_577(484)
maskedfill_44_579,1x11x11,484,628,548,,,605,484, mul_44_576(484) eq_44_578(121)
softmax_44_580,1x11x11,484,628,548,,,484,484, maskedfill_44_579(484)
dropout_54_581,1x11x11,484,628,548,,blocks.5.sa.heads.3.dropout,484,484, softmax_44_580(484)
linear_147_582,1x11x48,2112,2256,2176,params: 48x384,blocks.5.sa.heads.3.value,16896,2112, layernorm_11_535(16896)
matmul_88_583,1x11x48,2112,2256,2176,,blocks.5.sa.heads.3,2596,2112, dropout_54_581(484) linear_147_582(2112)
linear_148_584,1x11x48,2112,2256,2176,params: 48x384,blocks.5.sa.heads.4.key,16896,2112, layernorm_11_535(16896)
linear_149_585,1x11x48,2112,2256,2176,params: 48x384,blocks.5.sa.heads.4.query,16896,2112, layernorm_11_535(16896)
transpose_45_586,1x48x11,2112,2256,2176,,,2112,2112, linear_148_584(2112)
matmul_89_587,1x11x11,484,628,548,,,4224,484, linear_149_585(2112) transpose_45_586(2112)
mul_45_588,1x11x11,484,628,548,,,484,484, matmul_89_587(484)
getitem_45_589,11x11,484,612,262208,,,262144,484, buffer_45(262144)
eq_45_590,11x11,121,249,185,,,484,121, getitem_45_589(484)
maskedfill_45_591,1x11x11,484,628,548,,,605,484, mul_45_588(484) eq_45_590(121)
softmax_45_592,1x11x11,484,628,548,,,484,484, maskedfill_45_591(484)
dropout_55_593,1x11x11,484,628,548,,blocks.5.sa.heads.4.dropout,484,484, softmax_45_592(484)
linear_150_594,1x11x48,2112,2256,2176,params: 48x384,blocks.5.sa.heads.4.value,16896,2112, layernorm_11_535(16896)
matmul_90_595,1x11x48,2112,2256,2176,,blocks.5.sa.heads.4,2596,2112, dropout_55_593(484) linear_150_594(2112)
linear_151_596,1x11x48,2112,2256,2176,params: 48x384,blocks.5.sa.heads.5.key,16896,2112, layernorm_11_535(16896)
linear_152_597,1x11x48,2112,2256,2176,params: 48x384,blocks.5.sa.heads.5.query,16896,2112, layernorm_11_535(16896)
transpose_46_598,1x48x11,2112,2256,2176,,,2112,2112, linear_151_596(2112)
matmul_91_599,1x11x11,484,628,548,,,4224,484, linear_152_597(2112) transpose_46_598(2112)
mul_46_600,1x11x11,484,628,548,,,484,484, matmul_91_599(484)
getitem_46_601,11x11,484,612,262208,,,262144,484, buffer_46(262144)
eq_46_602,11x11,121,249,185,,,484,121, getitem_46_601(484)
maskedfill_46_603,1x11x11,484,628,548,,,605,484, mul_46_600(484) eq_46_602(121)
softmax_46_604,1x11x11,484,628,548,,,484,484, maskedfill_46_603(484)
dropout_56_605,1x11x11,484,628,548,,blocks.5.sa.heads.5.dropout,484,484, softmax_46_604(484)
linear_153_606,1x11x48,2112,2256,2176,params: 48x384,blocks.5.sa.heads.5.value,16896,2112, layernorm_11_535(16896)
matmul_92_607,1x11x48,2112,2256,2176,,blocks.5.sa.heads.5,2596,2112, dropout_56_605(484) linear_153_606(2112)
linear_154_608,1x11x48,2112,2256,2176,params: 48x384,blocks.5.sa.heads.6.key,16896,2112, layernorm_11_535(16896)
linear_155_609,1x11x48,2112,2256,2176,params: 48x384,blocks.5.sa.heads.6.query,16896,2112, layernorm_11_535(16896)
transpose_47_610,1x48x11,2112,2256,2176,,,2112,2112, linear_154_608(2112)
matmul_93_611,1x11x11,484,628,548,,,4224,484, linear_155_609(2112) transpose_47_610(2112)
mul_47_612,1x11x11,484,628,548,,,484,484, matmul_93_611(484)
getitem_47_613,11x11,484,612,262208,,,262144,484, buffer_47(262144)
eq_47_614,11x11,121,249,185,,,484,121, getitem_47_613(484)
maskedfill_47_615,1x11x11,484,628,548,,,605,484, mul_47_612(484) eq_47_614(121)
softmax_47_616,1x11x11,484,628,548,,,484,484, maskedfill_47_615(484)
dropout_57_617,1x11x11,484,628,548,,blocks.5.sa.heads.6.dropout,484,484, softmax_47_616(484)
linear_156_618,1x11x48,2112,2256,2176,params: 48x384,blocks.5.sa.heads.6.value,16896,2112, layernorm_11_535(16896)
matmul_94_619,1x11x48,2112,2256,2176,,blocks.5.sa.heads.6,2596,2112, dropout_57_617(484) linear_156_618(2112)
linear_157_620,1x11x48,2112,2256,2176,params: 48x384,blocks.5.sa.heads.7.key,16896,2112, layernorm_11_535(16896)
linear_158_621,1x11x48,2112,2256,2176,params: 48x384,blocks.5.sa.heads.7.query,16896,2112, layernorm_11_535(16896)
transpose_48_622,1x48x11,2112,2256,2176,,,2112,2112, linear_157_620(2112)
matmul_95_623,1x11x11,484,628,548,,,4224,484, linear_158_621(2112) transpose_48_622(2112)
mul_48_624,1x11x11,484,628,548,,,484,484, matmul_95_623(484)
getitem_48_625,11x11,484,612,262208,,,262144,484, buffer_48(262144)
eq_48_626,11x11,121,249,185,,,484,121, getitem_48_625(484)
maskedfill_48_627,1x11x11,484,628,548,,,605,484, mul_48_624(484) eq_48_626(121)
softmax_48_628,1x11x11,484,628,548,,,484,484, maskedfill_48_627(484)
dropout_58_629,1x11x11,484,628,548,,blocks.5.sa.heads.7.dropout,484,484, softmax_48_628(484)
linear_159_630,1x11x48,2112,2256,2176,params: 48x384,blocks.5.sa.heads.7.value,16896,2112, layernorm_11_535(16896)
matmul_96_631,1x11x48,2112,2256,2176,,blocks.5.sa.heads.7,2596,2112, dropout_58_629(484) linear_159_630(2112)
cat_6_632,1x11x384,16896,17040,16960,,,16896,16896, matmul_82_547(2112) matmul_84_559(2112) matmul_86_571(2112) matmul_88_583(2112) matmul_90_595(2112) matmul_92_607(2112) matmul_94_619(2112) matmul_96_631(2112)
linear_160_633,1x11x384,16896,17040,16960,"params: 384x384, x384",blocks.5.sa.proj,16896,16896, cat_6_632(16896)
dropout_59_634,1x11x384,16896,17040,16960,,blocks.5.sa.dropout,16896,16896, linear_160_633(16896)
add_7_635,1x11x384,16896,17040,16960,,,33792,16896, add_6_529:2(16896) dropout_59_634(16896)
layernorm_12_636,1x11x384,16896,17040,16960,"params: x384, x384",blocks.5.ln2,16896,16896, add_7_635:1(16896)
linear_161_637,1x11x1536,67584,67728,67648,"params: 1536x384, x1536",blocks.5.ffwd.net.0,16896,67584, layernorm_12_636(16896)
relu_6_638,1x11x1536,67584,67728,67648,,blocks.5.ffwd.net.1,67584,67584, linear_161_637(67584)
linear_162_639,1x11x384,16896,17040,16960,"params: 384x1536, x384",blocks.5.ffwd.net.2,67584,16896, relu_6_638(67584)
dropout_60_640,1x11x384,16896,17040,16960,,blocks.5.ffwd.net.3,16896,16896, linear_162_639(16896)
add_7_635,1x11x384,16896,17040,16960,,,33792,16896, add_7_635:1(16896) dropout_60_640(16896)
layernorm_13_641,1x11x384,16896,17040,16960,"params: x384, x384",ln_f,16896,16896, add_7_635:2(16896)
linear_163_642,1x11x65,2860,3004,2924,"params: 65x384, x65",lm_head,16896,2860, layernorm_13_641(16896)
output_1,1x11x65,2860,3004,2924,,output.0,2860,2860, linear_163_642(2860)
